Brand,Item Name,Category,Colorway,Estimated Price (CNY),Size Range,Search Intent / Trend Source,Recommended Factory / Batch
Sp5der Worldwide,Sp5der 555555 Angel Number Pink Web Hoodie,Hoodies,Pink,¥180-260,S-XL,TikTok Viral #1 Grail Hoodie,Pika / KingShark / GOAT
Sp5der Worldwide,Sp5der Beluga Web Tracksuit Hoodie Brown,Hoodies,Brown,¥190-270,S-XL,Fall/Winter Top Seller,Pika Batch
Sp5der Worldwide,Sp5der Acai Purple Rhinestone Sweatpants,Pants,Purple,¥160-220,S-XL,Matching Web Tracksuit Set,Pika Batch
Sp5der Worldwide,Sp5der P*nk Rhinestone Zip-up Hoodie,Hoodies,Washed Black/Pink,¥240-320,S-XL,Heavy Diamond Rhinestone,Pika Batch
Sp5der Worldwide,Sp5der Green Slime Web Hoodie,Hoodies,Slime Green,¥180-250,S-XL,Ultra Rare Grail Colorway,KingShark
Sp5der Worldwide,Sp5der Worldwide Sky Blue Trackpants,Pants,Sky Blue,¥160-210,S-XL,Summer Streetwear Set,Pika Batch
Sp5der Worldwide,Sp5der 999 Club Juice WRLD Memorial Hoodie,Hoodies,Black/Yellow,¥200-280,S-XL,Juice WRLD Collab Grail,KingShark
Sp5der Worldwide,Sp5der Bellhop Web Tee Heather Grey,T-Shirts,Grey,¥110-150,S-XL,Summer Essential Graphic Tee,Pika Batch
Sp5der Worldwide,Sp5der Atlanta Braves Embroidered Trucker Hat,Accessories,Navy/Red,¥60-90,OS,Viral Mesh Cap,TheWave
Sp5der Worldwide,Sp5der Web Stitch Vintage Denim Jacket,Jackets,Washed Indigo,¥260-350,S-XL,Heavy Denim Outerwear,Pika Batch
Sp5der Worldwide,Sp5der Black & Red Web Tracksuit Set,Hoodies,Black/Red,¥340-460 (Set),S-XL,Signature Young Thug Drip,Pika Batch
Sp5der Worldwide,Sp5der I Heart SP5DER Rhinestone Tee,T-Shirts,White/Pink,¥110-140,S-XL,Rhinestone Y2K Tee,Pika Batch
Sp5der Worldwide,Sp5der Web Flare Sweatpants Heather Grey,Pants,Grey,¥170-230,S-XL,Flare cut trending 2024-2026,Pika Batch
Sp5der Worldwide,Sp5der Web Track Shorts Slime Green,Shorts,Green/White,¥130-170,S-XL,Summer Mesh & French Terry,Pika Batch
Rick Owens,Rick Owens Ramones Canvas High Top Sneaker,Sneakers,Black/Milk,¥280-420,39-46,Reddit FashionReps All-Time Top Grail,ROF / ROG / Mainline
Rick Owens,Rick Owens Geobasket Full Leather High,Sneakers,Black/White,¥380-550,39-46,Iconic Avant-Garde High Top,ROG Studio / A1
Rick Owens,Rick Owens Vintage Low Sneaker (Vans Stripe),Sneakers,Black/White Milk,¥290-390,39-46,TikTok Streetwear #1 Skate Silhouette,ROG / ROG Studio
Rick Owens,Rick Owens Jumbo Lace Padded Lows,Sneakers,Black/Milk,¥320-450,39-46,Exaggerated Thick Laces,ROF / Mainline
Rick Owens,Rick Owens DRKSHDW Bolan Banana Curved Jeans,Pants,Washed Black,¥260-360,28-36,Curved Zipper viral puddle drape,Pink Elephant / Bnumbers
Rick Owens,Rick Owens DRKSHDW Creatch Cargo Drawstring Pants,Pants,Dust / Black,¥220-310,S-XL,Signature strap multi-pocket cargo,Pink Elephant
Rick Owens,Rick Owens Tyrone Cut Waxed Coated Denim,Pants,Glossy Black,¥240-330,28-36,Opium aesthetic stretchy waxed jeans,Bnumbers / Deedee
Rick Owens,Rick Owens Mountain Zip Pointed Hood Jacket,Hoodies,Black,¥220-300,S-XL,Asymmetrical zip mountain hood,Pink Elephant
Rick Owens,Rick Owens Peter Puffer Down Jacket Cropped,Coats,Black Shiny Nylon,¥450-680,46-52,Cropped oversized down jacket,MadeByGu
Rick Owens,Rick Owens Megalace Runner Chunky,Sneakers,Triple Black,¥360-490,39-46,Labyrinth megalace construction,ROG
Rick Owens,Rick Owens DRKSHDW Berlin Sweatpants Drop Crotch,Pants,Dark Dust Grey,¥190-250,S-XL,Classic drop crotch lounge pants,Pink Elephant
Rick Owens,Rick Owens Abstract Low Platform Sneaker,Sneakers,Black/Transparent Sole,¥330-440,39-46,Clear bumper platform sole,ROF
Travis Scott,Travis Scott x Air Jordan 1 Low Velvet Brown,Sneakers,Velvet Brown/Black,¥330-460,36-47.5,2024-2025 Highly anticipated drop,PK 4.0 / FK / LJR
Travis Scott,Travis Scott x Air Jordan 1 Low Canary (Yellow),Sneakers,Canary/Racer Blue,¥310-430,36-47.5,High demand vibrant colorway,FK / PK 4.0
Travis Scott,Travis Scott x Air Jordan 1 Low Medium Olive,Sneakers,Medium Olive/Sail,¥330-460,36-47.5,Late 2024 global release,PK 4.0 / LJR / FK
Travis Scott,Travis Scott x Jordan Jumpman Jack TR Sail,Sneakers,Sail/Dark Mocha,¥340-480,36-47.5,Signature forefoot strap model,Y3 / PK / S2
Travis Scott,Travis Scott x Jordan Jumpman Jack TR University Red,Sneakers,White/University Red,¥340-480,36-47.5,Friends & family hyper grail,Y3 / PK
Travis Scott,Travis Scott x Nike Mac Attack SP Light Smoke,Sneakers,Smoke Grey/Black,¥260-360,36-46,Retro John McEnroe tennis shoe,H12 / Top
Travis Scott,Travis Scott x Air Jordan 1 Low Reverse Mocha,Sneakers,Sail/Ridgerock,¥330-460,36-47.5,All-time #1 searched TS sneaker,PK 4.0 / FK / LJR
Travis Scott,Travis Scott x Air Jordan 1 Low Black Phantom,Sneakers,Triple Black/White Stitch,¥320-440,36-47.5,Bandana included stealth sneaker,PK 4.0 / FK
Travis Scott,Travis Scott x Air Jordan 1 Low Fragment Design,Sneakers,White/Royal Blue/Black,¥340-480,36-47.5,Hiroshi Fujiwara triple collab,LJR / PK 4.0 / FK
Travis Scott,Travis Scott x Air Jordan 1 Low OG SP Olive (Women),Sneakers,Sail/Medium Olive,¥330-450,36-47.5,Clean retro swoosh contrast,PK 4.0 / FK
Travis Scott,Travis Scott Utopia Circus Maximus Concert Tour Tee,T-Shirts,Washed Charcoal,¥110-150,S-XL,Concert tour merch staple,Flaneur / UnionKingdom
Travis Scott,Travis Scott Utopia B1 Chocolate Zip Hoodie,Hoodies,Chocolate Brown,¥190-260,S-XL,Heavyweight boxy cut,Flaneur
Hellstar Studios,Hellstar Capsule 9 Fire Washed Zip-Up Hoodie,Hoodies,Vintage Black,¥220-300,S-XL,Heavily sun-faded distressed wash,Pika / DargonArm / 33Trente
Hellstar Studios,Hellstar Brain Brain Yoga Sports Tee,T-Shirts,Faded Off-White,¥120-160,S-XL,Distressed raw-cut collar detail,33Trente / Chaos
Hellstar Studios,Hellstar No Guts No Glory Flare Sweatpants,Pants,Faded Navy,¥180-240,S-XL,Custom flare silhouette with bottom split,33Trente
Hellstar Studios,Hellstar Record Player Music Tour Vintage Tee,T-Shirts,Washed Grey,¥110-150,S-XL,Screenprint cracking artisan finish,Chaosmade
Hellstar Studios,Hellstar Capsule 10 Galaxy Stars Pullover Hoodie,Hoodies,Deep Celestial Blue,¥240-320,S-XL,Airbrush star graphic & heavy fleece,Pika / 33Trente
Hellstar Studios,Hellstar Crossbones Heavyweight Sweatshorts,Shorts,Heather Black,¥140-190,S-XL,Raw edge heavyweight summer shorts,Chaosmade
Hellstar Studios,Hellstar Future Sound Thermal Longsleeve Waffle,T-Shirts,Cream Waffle,¥150-200,S-XL,Thermal winter layering top,33Trente
Hellstar Studios,Hellstar Speed Demon Leather Patch Racing Jacket,Jackets,Black/Yellow,¥320-450,S-XL,Embroidered biker moto aesthetic,MadeByGu
Denim Tears,Denim Tears Cotton Wreath 501 Jeans Light Wash,Pants,Light Indigo,¥240-330,28-38,Tremaine Emory signature puff print,Continuous / Chaosmade / A7
Denim Tears,Denim Tears Cotton Wreath 501 Jeans Raw Black,Pants,Raw Black,¥240-330,28-38,Contrast white puff flower wreaths,Continuous / Chaosmade
Denim Tears,Denim Tears Cotton Wreath Type II Denim Jacket,Jackets,Mid Blue Indigo,¥280-380,S-XL,Boxy vintage trucker fit,Continuous
Denim Tears,Denim Tears x Stussy Our Legacy TTL Leather Varsity,Jackets,Black/White Cowhide,¥450-680,S-XL,Triple collaboration grail jacket,EarlyTom / SatanMade
Denim Tears,Denim Tears Cotton Wreath Full Zip Hoodie Grey,Hoodies,Heather Grey,¥210-280,S-XL,All-over wreath floral print,Continuous
Denim Tears,Denim Tears Cotton Wreath Foam Mesh Trucker Hat,Accessories,Black/White,¥65-95,OS,High-crown trucker cap,TheWave
Denim Tears,Denim Tears x Dior B33 Oblique Denim Sneaker,Sneakers,Dior Oblique Indigo,¥380-520,39-46,Luxury runway sneaker,Kevin / Pearl
Denim Tears,Denim Tears Cotton Wreath Sweatshorts Pine Green,Shorts,Pine Green,¥150-200,S-XL,Puff printed heavyweight shorts,Continuous
Arc'teryx,Arc'teryx Alpha SV Hardshell GORE-TEX Pro,Coats,24K Black/Gold,¥360-520,S-XXL,100% Waterproof Gorpcore holy grail,Repcourier successor / SharkBreeder
Arc'teryx,Arc'teryx Beta LT Lightweight Rain Shell,Coats,Lucent / Ether / Black,¥300-420,S-XXL,Most popular everyday technical jacket,SharkBreeder / TopArcteryx
Arc'teryx,Arc'teryx Atom LT Insulated Hoody Mid-Layer,Jackets,Kingfisher Blue / Black,¥230-310,S-XXL,Coreloft lightweight insulation,SharkBreeder
Arc'teryx,Arc'teryx x Beams Patchwork Beta Shell,Coats,Multi-color Crazy Pattern,¥380-540,S-XL,Japanese limited boutique collab,SharkBreeder
Arc'teryx,Arc'teryx System_A Copal Pocket Tech Tee,T-Shirts,Chalk / Black,¥110-150,S-XL,System_A technical urban line,TopArcteryx
Arc'teryx,Arc'teryx Bird Curved Brim Performance Trucker Hat,Accessories,Black / Distortion,¥50-75,OS,Embroidered bird logo cap,TheWave
Arc'teryx,Arc'teryx Mantis 2 Crossbody Waistpack Sling,Bags,Black Sapphire / Relic,¥70-100,OS,Daily EDC phone/wallet bag,TopArcteryx
Balenciaga,Balenciaga 3XL Sneaker Mud / Heavy Distressed,Sneakers,Eggshell White/Grey/Mud,¥420-580,39-46,Shoelace wrapped around toe box,VG Batch / Good Batch / XA
Balenciaga,Balenciaga Track 1.0 LED Glow-In-The-Dark Runner,Sneakers,Triple Black / White Orange,¥420-580,39-46,USB rechargeable LED light sole,Good Batch / OK Batch
Balenciaga,Balenciaga Cargo Sneaker Giant Platform,Sneakers,Washed Grey/Yellow,¥460-620,39-46,Ultra-chunky runway statement,VG Batch / CSJ
Balenciaga,Balenciaga 10XL Giant Conceptual Platform,Sneakers,White/Blue/Silver,¥480-660,39-46,Extreme oversize platform sole,VG Batch
Balenciaga,Balenciaga Steroid Chunky Lightweight EVA Boot,Sneakers,Matte Black,¥380-510,39-46,One-piece molded cartoon boot,MadeByGu / CSJ
Balenciaga,Balenciaga Tape Type Heavy Distressed Zip Hoodie,Hoodies,Faded Washed Black,¥260-360,XS-L (Extreme oversize),Heavy 950g French terry cotton,1to1 / Lucky8 / Cloyad
Balenciaga,Balenciaga Skater Ripped Puddle Flare Jeans,Pants,Dirty Vintage Blue,¥280-390,XS-L,Floor dragging hem distressing,Lucky8 / Bnumbers
Balenciaga,Balenciaga Le Cagole XS Arena Leather Shoulder Bag,Bags,Black Crinkled Lambskin,¥360-520,XS,Heart-shaped mirror & pouch attached,Kata / Ming
Balenciaga,Balenciaga Metal Logo Safety-Pin Pierced Cap,Accessories,Washed Black,¥90-130,OS,Heavy distressing & metal hardware,TheWave
Maison Margiela,Maison Margiela Replica GAT Sneaker Leather/Suede,Sneakers,White/Grey Gum,¥240-340,39-46,Timeless German Army Trainer grail,A1 / Player Shoes / WWTOP
Maison Margiela,Maison Margiela Replica Paint Splatter GAT,Sneakers,White Multi Paint,¥280-380,39-46,Hand-applied splatter artisan shoe,Player Shoes
Maison Margiela,Maison Margiela Tabi Ankle Boots 6cm Block Heel,Sneakers,Smooth Black Calfskin,¥420-600,35-45,Iconic Japanese split-toe boot,WoodChuckSato / A1
Maison Margiela,Maison Margiela 4-Stitch Grained Leather Bifold Wallet,Bags,Black Grain Leather,¥120-180,One Size,Minimal 4 white stitches branding,A&C / Brother Sam
Maison Margiela,Maison Margiela Numbers Reverse Embroidered Sweatshirt,Hoodies,Heather Grey,¥190-260,S-XL,Upside down 0-23 calendar embroidery,Singor / Logan
Maison Margiela,Maison Margiela Glam Slam Quilted Nappa Leather Bag,Bags,Cloud White / Black,¥340-480,Medium,Tufted cloud pillow bag with chain,Ming / Orange Couch
Jordan (AJ4),Air Jordan 4 Retro Military Blue (2024 Remastered),Sneakers,White/Military Blue,¥360-490,40-48.5,Original Nike Air heel tab return,GX / LJR / Y3 Batch
Jordan (AJ4),Air Jordan 4 Retro Bred Reimagined,Sneakers,Tumbled Black Leather/Cement,¥380-510,40-48.5,Supple full-grain leather upgrade,GX / LJR / PK
Jordan (AJ4),Air Jordan 4 Retro SB Pine Green,Sneakers,Sail/Pine Green/Gum,¥360-490,40-48.5,Padded collar & flexible skate sole,GX / Y3 / OG Batch
Jordan (AJ4),Air Jordan 4 Retro Black Cat (All Black Nubuck),Sneakers,Triple Black Nubuck,¥380-520,40-48.5,#1 Jordan 4 worldwide search demand,GX Batch (Undisputed King)
Jordan (AJ4),Air Jordan 4 Retro White Thunder,Sneakers,Black/White Nubuck,¥360-480,40-48.5,High 2024 viral release,GX / RFA
Jordan (AJ4),Air Jordan 4 Retro Wet Cement (Paris Olympics),Sneakers,Smoke Grey/Iron Grey,¥370-490,40-48.5,Olympic cobblestone textured suede,GX / Y3
Chrome Hearts,Chrome Hearts Forever Spacer 6mm Ring,Accessories,Solid 925 Sterling Silver,¥120-190,US 5-11,Most gifted silver gothic band ring,Survival Source / David925
Chrome Hearts,Chrome Hearts Dagger Pendant with 60cm Paper Chain,Accessories,Solid 925 Sterling Silver,¥260-390,60cm,Heavyweight interlocking link chain,David925 / Survival Source
Chrome Hearts,Chrome Hearts Cross Patch 501 Vintage Reconstructed Jeans,Pants,Levi Vintage Blue,¥320-450,29-36,Genuine cowhide cross patches,Mook / Continuous
Chrome Hearts,Chrome Hearts Horseshoe Floral Sleeve Zip Hoodie,Hoodies,Black/White,¥240-330,S-XL,Solid silver dagger zipper puller,Chaos / Cloyad
Chrome Hearts,Chrome Hearts Hollywood USA Mesh Trucker Hat,Accessories,Black/White,¥80-120,OS,.925 silver top concho button,TheWave
Chrome Hearts,Chrome Hearts Cemetery Cross Leather Patch Beanie,Accessories,Ribbed Wool Black,¥90-140,OS,Solid silver scroll logo banner,TheWave
Adidas Originals,Wales Bonner x Adidas Samba Pony Hair Leopard,Sneakers,Dark Brown/Leopard Fur,¥280-380,36-46,Pony hair texture & stitch foldover tongue,VT / Good Batch
Adidas Originals,Wales Bonner x Adidas Samba Metallic Silver,Sneakers,Mirrored Silver Leather,¥280-380,36-46,Futuristic crochet tongue sneaker,VT / Top
Adidas Originals,Adidas Samba OG Cloud White Core Black Gum,Sneakers,White/Black Gum,¥140-200,36-46,Universal fashion staple sneaker,VT / OG Batch
Adidas Originals,Adidas Gazelle Indoor Bliss Pink Purple,Sneakers,Bliss Pink / Clear Gum,¥180-250,36-45,Huge demand female & male pastel shoe,VT / H12
Adidas Originals,Adidas Handball Spezial Light Blue Suede,Sneakers,Baby Blue Suede/White,¥170-240,36-45,Retro soccer terrace trainer,VT Batch
Adidas Originals,Adidas Campus 00s Core Black Gum Chunky,Sneakers,Black Suede / Fat Laces,¥150-210,36-46,Y2K puffy tongue skate shoe,VT / Top
Nike Kobe,Nike Kobe 6 Protro Reverse Grinch,Sneakers,Bright Crimson/Electric Green,¥380-520,40-48.5,Scale upper & Zoom Turbo cushion,GX / S2 / WKB Batch
Nike Kobe,Nike Kobe 6 Protro Italian Camo (2024),Sneakers,Black/Khaki Camo/Crimson,¥380-520,40-48.5,Protro performance basketball shoe,GX / S2
Nike Kobe,Nike Kobe 8 Protro Venice Beach,Sneakers,Multi-color Graffiti Mesh,¥360-490,40-48.5,Lightweight engineered mesh low top,S2 / WKB
Nike Kobe,Nike Kobe 4 Protro Girl Dad Bicoastal,Sneakers,Bicoastal Green Suede/Black,¥360-490,40-48.5,Tribute suede basketball sneaker,GX / S2
Nike Kobe,Nike Kobe 6 Protro Mambacita Sweet 16,Sneakers,Black/White Gold #2,¥390-530,40-48.5,Gigi Bryant memorial edition,GX / S2 / WKB
Asics,JJJJound x Asics Gel-Kayano 14 Silver White,Sneakers,Metallic Silver/White,¥240-330,36-46,Top clean metallic mesh aesthetic,Z Batch / Top
Asics,JJJJound x Asics Gel-Kayano 14 Silver Black,Sneakers,Metallic Silver/Black,¥240-330,36-46,Sleek dark runner silhouette,Z Batch
Asics,Asics Gel-Kayano 14 Cream Pure Silver,Sneakers,Cream/Silver Metallic,¥220-300,36-46,Breathable open mesh trail runner,Z Batch / OG
Asics,Asics GT-2160 Oatmeal Pure Silver,Sneakers,Oatmeal/Metallic,¥210-290,36-46,Gorpcore vintage archive running,Z Batch
Eric Emanuel,Eric Emanuel EE Basic Mesh Shorts NY Skyline Print,Shorts,Sky Blue/Cloud Print,¥75-110,S-XXL,Double-layer breathable poly mesh,Pay_phone / AngelKing
Eric Emanuel,Eric Emanuel EE Basic Shorts Bape 1st Camo Green,Shorts,Green Camo/Orange Logo,¥85-120,S-XXL,Heavy graphic summer gym shorts,AngelKing
Eric Emanuel,Eric Emanuel EE Basic Shorts Lightning Bolt Red,Shorts,Bright Red/White Bolt,¥75-110,S-XXL,Viral fitness & street essential,Pay_phone
Broken Planet,"Broken Planet ""Into the Abyss"" Embroidered Down Jacket",Coats,Midnight Black,¥340-480,S-XL,Embossed planetary space outer,Hotdog Batch
Broken Planet,"Broken Planet ""Trapped in Time"" Heavyweight Hoodie",Hoodies,Washed Brown / Blue,¥190-260,S-XL,500gsm puff typography print,Hotdog Batch
Ralph Lauren,Ralph Lauren 100% Wool Cable-Knit Crewneck Sweater,Hoodies,Heather Grey / Cream / Navy,¥140-190,S-XXL,Quiet Luxury soft knit classic,CloudShop / Topman
Ralph Lauren,Ralph Lauren Custom Slim Fit Oxford Cotton Shirt,T-Shirts,White / Light Blue / Stripe,¥95-135,S-XXL,Heavy Oxford cotton with pony,CloudShop
